uid6;0;Aware;Button;Off;Front;3.382710000000001;0;0
uid6;1;Aware;Button;Off;Right;8.27733;0;0
uid6;2;Aware;Button;Off;Back;3.920169999999999;0;0
uid6;3;Aware;Button;On;Right;9.540940000000006;0;0
uid6;4;Aware;Button;Off;Right;8.031900000000007;0;0
uid6;5;Aware;Button;On;Front;4.4666;0;0
uid6;6;Aware;Button;Off;Left;13.244199999999978;0;0
uid6;7;Aware;Button;On;Back;2.6079000000000008;0;0
uid6;8;Aware;Button;On;Back;21.086799999999982;0;0
uid6;10;Aware;Button;Off;Left;12.553699999999992;0;0
uid6;12;Aware;Button;Off;Back;3.334699999999998;0;0
uid6;13;Aware;Button;On;Left;10.52090000000004;0;0
uid6;15;Aware;Button;On;Right;12.674399999999991;0;0
uid6;0;Aware;Headphone;Off;Right;8.272710000000004;1;1
uid6;1;Aware;Headphone;On;Right;10.512069999999994;2;1
uid6;2;Aware;Headphone;Off;Front;1.9279999999999973;0;0
uid6;3;Aware;Headphone;On;Back;2.8961999999999932;0;0
uid6;4;Aware;Headphone;Off;Front;3.710899999999981;1;1
uid6;5;Aware;Headphone;On;Right;8.950200000000024;2;2
uid6;6;Aware;Headphone;Off;Right;8.332100000000025;1;1
uid6;7;Aware;Headphone;On;Front;1.8366000000000042;0;0
uid6;8;Aware;Headphone;On;Front;3.6092000000000155;1;1
uid6;9;Aware;Headphone;Off;Back;8.092099999999988;2;2
uid6;10;Aware;Headphone;Off;Back;3.432299999999998;1;1
uid6;11;Aware;Headphone;On;Back;2.925700000000006;1;1
uid6;12;Aware;Headphone;On;Left;13.186700000000002;4;4
uid6;13;Aware;Headphone;Off;Left;6.974900000000048;2;2
uid6;15;Aware;Headphone;Off;Left;12.055800000000033;6;6
uid6;14;Unaware;Headphone;On;Left;16.260899999999992;4;4
uid6;1;Aware;Trivia;Off;Back;1.3839600000000019;0;0
uid6;2;Aware;Trivia;Off;Left;11.582329999999985;3;3
uid6;3;Aware;Trivia;Off;Right;7.481750000000005;1;1
uid6;4;Aware;Trivia;Off;Left;6.2988;3;3
uid6;5;Aware;Trivia;Off;Front;5.977599999999995;1;1
uid6;6;Aware;Trivia;On;Right;10.139499999999998;2;2
uid6;7;Aware;Trivia;Off;Back;4.586199999999991;2;2
uid6;8;Aware;Trivia;On;Right;0.2874999999999943;0;0
uid6;9;Aware;Trivia;On;Front;0.7650999999999897;1;1
uid6;10;Aware;Trivia;Off;Front;5.597000000000008;2;2
uid6;11;Aware;Trivia;On;Front;0.8139999999999645;0;0
uid6;12;Aware;Trivia;On;Back;4.283800000000042;0;0
uid6;13;Aware;Trivia;On;Back;6.640999999999963;1;1
uid6;14;Aware;Trivia;On;Left;9.024900000000002;8;8
uid6;15;Aware;Trivia;On;Left;7.154200000000003;2;2
uid6;0;Unaware;Trivia;Off;Right;12.35672;0;0
uid7;0;Aware;Headphone;On;Front;7.158436999999999;1;1
uid7;1;Aware;Headphone;On;Back;4.6776199999999974;0;0
uid7;2;Aware;Headphone;Off;Front;5.646640000000005;1;0
uid7;3;Aware;Headphone;On;Right;7.374349999999993;2;2
uid7;5;Aware;Headphone;On;Back;2.1033000000000186;1;0
uid7;6;Aware;Headphone;On;Left;8.387399999999985;2;2
uid7;8;Aware;Headphone;Off;Front;4.6547999999999945;1;1
uid7;9;Aware;Headphone;Off;Right;8.402999999999992;1;1
uid7;10;Aware;Headphone;Off;Back;2.9651000000000067;0;0
uid7;11;Aware;Headphone;On;Front;4.8718000000000075;2;2
uid7;12;Aware;Headphone;On;Left;7.117500000000007;1;0
uid7;13;Aware;Headphone;Off;Left;10.992599999999982;3;1
uid7;14;Aware;Headphone;Off;Left;0.9133999999999673;0;0
uid7;15;Aware;Headphone;On;Right;2.098129999999969;1;1
uid7;4;Unaware;Headphone;Off;Right;13.628389999999996;1;1
uid7;0;Aware;Button;Off;Left;8.875553;0;0
uid7;1;Aware;Button;Off;Back;8.818440000000002;0;0
uid7;2;Aware;Button;On;Back;1.7607399999999984;0;0
uid7;3;Aware;Button;Off;Back;5.6417;0;0
uid7;4;Aware;Button;Off;Front;3.7720999999999947;0;0
uid7;5;Aware;Button;Off;Right;4.555599999999998;0;0
uid7;6;Aware;Button;Off;Left;5.72829999999999;0;0
uid7;7;Aware;Button;On;Left;11.170999999999992;0;0
uid7;8;Aware;Button;On;Left;13.353200000000015;0;0
uid7;9;Aware;Button;On;Front;5.483699999999999;0;0
uid7;10;Aware;Button;On;Front;3.0289999999999964;0;0
uid7;11;Aware;Button;Off;Front;2.5808999999999855;0;0
uid7;12;Aware;Button;On;Back;2.1520999999999617;0;0
uid7;13;Aware;Button;On;Right;7.757800000000032;0;0
uid7;14;Aware;Button;On;Right;8.592899999999986;0;0
uid7;15;Aware;Button;Off;Right;0.6204000000000178;0;0
uid7;0;Aware;Trivia;Off;Left;17.279805;6;6
uid7;1;Aware;Trivia;On;Left;3.131610000000002;1;1
uid7;2;Aware;Trivia;On;Right;5.987130000000008;2;2
uid7;4;Aware;Trivia;On;Left;6.9257200000000125;1;1
uid7;5;Aware;Trivia;Off;Left;5.864100000000008;2;2
uid7;6;Aware;Trivia;Off;Front;6.182999999999993;3;3
uid7;7;Aware;Trivia;On;Front;2.900800000000004;1;1
uid7;8;Aware;Trivia;On;Front;4.3478000000000065;3;3
uid7;9;Aware;Trivia;Off;Front;3.584000000000003;3;3
uid7;10;Aware;Trivia;Off;Back;3.888300000000015;3;3
uid7;11;Aware;Trivia;On;Back;2.5026000000000295;0;0
uid7;12;Aware;Trivia;Off;Back;7.282870000000003;6;6
uid7;13;Aware;Trivia;-;-;0.012330000000019936;0;0
uid7;3;Unaware;Trivia;Off;Right;12.3566;1;1
uid7;14;Unaware;Trivia;On;Back;16.7688;0;0
uid7;15;Unaware;Trivia;Off;Right;12.141700000000014;0;0
uid4;0;Aware;Trivia;Off;Back;8.665168999999999;2;0
uid4;1;Aware;Trivia;On;Right;8.130439999999993;2;2
uid4;2;Aware;Trivia;On;Back;5.261359999999996;1;1
uid4;3;Aware;Trivia;On;Left;13.601699999999994;2;2
uid4;4;Aware;Trivia;On;Back;1.030399999999986;0;0
uid4;5;Aware;Trivia;On;Right;1.7017999999999915;0;0
uid4;6;Aware;Trivia;Off;Left;8.476699999999994;1;1
uid4;7;Aware;Trivia;Off;Left;8.122299999999996;3;2
uid4;8;Aware;Trivia;Off;Right;11.160199999999975;4;4
uid4;9;Aware;Trivia;On;Left;0.8743999999999801;0;0
uid4;10;Aware;Trivia;Off;Front;18.65409999999997;4;4
uid4;11;Aware;Trivia;On;Front;0.15399999999999636;0;0
uid4;12;Aware;Trivia;On;Front;10.782299999999964;2;2
uid4;13;Aware;Trivia;Off;Front;8.049800000000005;1;1
uid4;14;Aware;Trivia;Off;Back;3.2198000000000206;1;1
uid4;15;Aware;Trivia;Off;Right;11.048400000000015;6;6
uid4;0;Aware;Button;Off;Back;6.258420000000001;0;0
uid4;1;Aware;Button;Off;Left;10.679390000000005;0;0
uid4;2;Aware;Button;On;Back;5.142260000000022;0;0
uid4;3;Aware;Button;On;Back;4.007999999999981;0;0
uid4;4;Aware;Button;Off;Right;12.47399999999999;0;0
uid4;5;Aware;Button;Off;Back;4.294000000000011;0;0
uid4;6;Aware;Button;Off;Front;9.171399999999977;0;0
uid4;7;Aware;Button;Off;Front;5.950000000000017;0;0
uid4;8;Aware;Button;On;Front;3.8345999999999663;0;0
uid4;9;Aware;Button;On;Front;5.122700000000009;0;0
uid4;10;Aware;Button;On;Left;13.7697;0;0
uid4;11;Aware;Button;Off;Left;3.0366000000000213;0;0
uid4;12;Aware;Button;On;Left;6.075400000000002;0;0
uid4;13;Aware;Button;On;Right;3.0065999999999917;0;0
uid4;14;Aware;Button;Off;Right;7.500200000000007;0;0
uid4;15;Aware;Button;On;Right;2.5500999999999863;0;0
uid4;0;Aware;Headphone;Off;Front;7.168842999999999;0;0
uid4;1;Aware;Headphone;Off;Right;7.796549999999996;1;1
uid4;2;Aware;Headphone;On;Left;11.993949999999998;1;1
uid4;3;Aware;Headphone;On;Back;4.762939999999986;2;2
uid4;4;Aware;Headphone;On;Front;7.716290000000015;1;0
uid4;5;Aware;Headphone;On;Front;5.0855999999999995;1;1
uid4;6;Aware;Headphone;Off;Back;5.930599999999998;3;3
uid4;7;Aware;Headphone;Off;Left;10.237899999999996;2;1
uid4;8;Aware;Headphone;Off;Right;9.201799999999992;2;2
uid4;9;Aware;Headphone;Off;Front;4.629199999999997;1;1
uid4;10;Aware;Headphone;On;Back;5.420000000000016;1;1
uid4;11;Aware;Headphone;Off;Back;5.6591999999999985;2;1
uid4;12;Aware;Headphone;On;Left;8.794600000000003;2;2
uid4;13;Aware;Headphone;Off;Left;12.340400000000045;3;3
uid4;14;Aware;Headphone;On;Right;7.599700000000041;2;2
uid4;15;Aware;Headphone;On;Right;13.008350000000007;4;4
uid5;0;Aware;Trivia;Off;Front;6.696329999999998;1;1
uid5;1;Aware;Trivia;Off;Front;7.6622300000000045;1;1
uid5;2;Aware;Trivia;On;Front;8.080740000000006;1;1
uid5;3;Aware;Trivia;On;Right;8.175560000000004;2;2
uid5;4;Aware;Trivia;On;Left;9.599149999999995;3;3
uid5;5;Aware;Trivia;On;Back;5.104300000000009;1;1
uid5;6;Aware;Trivia;Off;Back;8.608400000000003;3;3
uid5;7;Aware;Trivia;On;Left;7.044499999999999;1;1
uid5;8;Aware;Trivia;On;Right;7.163399999999996;2;2
uid5;9;Aware;Trivia;On;Front;3.581299999999999;1;1
uid5;10;Aware;Trivia;Off;Back;9.909600000000012;2;2
uid5;11;Aware;Trivia;On;Back;3.702200000000005;1;1
uid5;12;Aware;Trivia;Off;Left;11.505600000000015;1;1
uid5;13;Aware;Trivia;-;-;0.0;0;0
uid5;14;Unaware;Trivia;Off;Left;16.221000000000004;2;1
uid5;15;Unaware;Trivia;Off;Right;12.20490000000001;2;1
uid5;0;Aware;Headphone;On;Front;5.325809999999997;1;1
uid5;1;Aware;Headphone;On;Front;5.877389999999998;2;2
uid5;2;Aware;Headphone;On;Left;9.746279999999992;4;4
uid5;3;Aware;Headphone;Off;Back;5.217620000000011;2;2
uid5;6;Aware;Headphone;Off;Front;8.254599999999982;2;2
uid5;7;Aware;Headphone;Off;Left;11.453800000000001;4;4
uid5;8;Aware;Headphone;Off;Front;7.673100000000034;2;2
uid5;9;Aware;Headphone;On;Back;5.49879999999996;2;2
uid5;10;Aware;Headphone;On;Back;4.963399999999979;2;2
uid5;11;Aware;Headphone;Off;Back;8.344099999999969;5;5
uid5;12;Aware;Headphone;On;Left;10.79540000000003;7;7
uid5;13;Aware;Headphone;On;Right;5.018100000000004;1;1
uid5;14;Aware;Headphone;On;Right;5.0785999999999945;3;3
uid5;15;Aware;Headphone;Off;Right;13.911139999999989;6;6
uid5;4;Unaware;Headphone;Off;Left;16.2218;3;3
uid5;5;Unaware;Headphone;Off;Right;11.836799999999997;2;2
uid5;0;Aware;Button;On;Front;5.400815;0;0
uid5;1;Aware;Button;On;Front;2.3760899999999943;0;0
uid5;2;Aware;Button;Off;Front;4.002899999999997;0;0
uid5;3;Aware;Button;On;Back;4.239199999999997;0;0
uid5;5;Aware;Button;Off;Front;3.231899999999996;0;0
uid5;6;Aware;Button;Off;Back;3.878299999999996;0;0
uid5;7;Aware;Button;On;Back;2.6255999999999915;0;0
uid5;8;Aware;Button;Off;Back;9.176099999999991;0;0
uid5;9;Aware;Button;On;Left;14.437999999999988;0;0
uid5;10;Aware;Button;Off;Left;15.384299999999996;0;0
uid5;11;Aware;Button;Off;Left;14.353500000000054;0;0
uid5;12;Aware;Button;On;Left;15.314899999999966;0;0
uid5;13;Aware;Button;On;Right;3.0360999999999763;0;0
uid5;14;Aware;Button;Off;Right;10.335699999999974;0;0
uid5;15;Aware;Button;On;Right;9.463300000000004;0;0
uid5;4;Unaware;Button;Off;Right;15.526499999999999;0;0
uid2;1;Aware;Trivia;On;Front;8.704790000000003;0;0
uid2;3;Aware;Trivia;On;Right;5.591440000000034;1;1
uid2;4;Aware;Trivia;Off;Right;13.946550000000002;2;2
uid2;5;Aware;Trivia;On;Left;8.000999999999976;3;1
uid2;6;Aware;Trivia;Off;Back;5.752799999999979;1;1
uid2;7;Aware;Trivia;On;Right;1.3075000000000045;0;0
uid2;8;Aware;Trivia;Off;Front;6.684000000000026;1;1
uid2;9;Aware;Trivia;Off;Right;8.716199999999958;2;2
uid2;10;Aware;Trivia;On;Front;5.244799999999998;1;1
uid2;11;Aware;Trivia;On;Back;7.9968000000000075;3;3
uid2;13;Aware;Trivia;Off;Left;3.008799999999951;0;0
uid2;14;Aware;Trivia;Off;Left;10.566100000000006;2;2
uid2;15;Aware;Trivia;On;Left;3.753500000000031;1;1
uid2;0;Unaware;Trivia;Off;Front;19.640514999999994;3;3
uid2;2;Unaware;Trivia;On;Back;15.23775999999998;2;2
uid2;12;Unaware;Trivia;Off;Back;15.614399999999932;3;3
uid2;0;Aware;Button;On;Right;8.117923000000001;0;0
uid2;1;Aware;Button;Off;Left;5.902499999999989;0;0
uid2;4;Aware;Button;On;Front;16.698700000000002;0;0
uid2;5;Aware;Button;On;Left;13.219099999999997;0;0
uid2;6;Aware;Button;Off;Right;2.313199999999995;0;0
uid2;7;Aware;Button;On;Back;10.942000000000007;0;0
uid2;8;Aware;Button;Off;Back;12.784700000000043;0;0
uid2;9;Aware;Button;Off;Front;10.953000000000031;0;0
uid2;10;Aware;Button;On;Front;9.252900000000011;0;0
uid2;11;Aware;Button;Off;Back;13.296099999999967;0;0
uid2;12;Aware;Button;Off;Front;10.0274;0;0
uid2;13;Aware;Button;On;Left;10.12360000000001;0;0
uid2;14;Aware;Button;Off;Left;8.2534;0;0
uid2;15;Aware;Button;On;Right;4.2479999999999905;0;0
uid2;2;Unaware;Button;On;Back;21.91252;0;0
uid2;3;Unaware;Button;Off;Right;16.970400000000012;0;0
uid2;1;Aware;Headphone;Off;Right;8.235370000000003;2;2
uid2;2;Aware;Headphone;Off;Left;10.504619999999981;4;4
uid2;3;Aware;Headphone;Off;Front;8.778900000000021;3;3
uid2;4;Aware;Headphone;On;Back;4.0604999999999905;0;0
uid2;5;Aware;Headphone;Off;Left;9.38130000000001;2;2
uid2;6;Aware;Headphone;Off;Back;3.2275999999999954;1;1
uid2;7;Aware;Headphone;On;Left;9.296899999999994;2;2
uid2;8;Aware;Headphone;Off;Back;8.323499999999996;2;2
uid2;9;Aware;Headphone;On;Right;7.74369999999999;0;0
uid2;10;Aware;Headphone;On;Front;6.5;1;1
uid2;11;Aware;Headphone;Off;Right;15.53959999999995;2;2
uid2;12;Aware;Headphone;Off;Front;5.595100000000002;0;0
uid2;13;Aware;Headphone;On;Front;3.86160000000001;2;2
uid2;14;Aware;Headphone;On;Back;6.910500000000013;3;3
uid2;15;Aware;Headphone;On;Left;7.097700000000032;2;2
uid2;0;Unaware;Headphone;On;Right;15.929490000000001;0;0
uid3;0;Aware;Button;On;Back;9.464269999999999;0;0
uid3;1;Aware;Button;On;Right;12.168840000000003;0;0
uid3;2;Aware;Button;Off;Back;7.134600000000006;0;0
uid3;3;Aware;Button;Off;Back;4.39670000000001;0;0
uid3;4;Aware;Button;Off;Front;10.815100000000001;0;0
uid3;5;Aware;Button;On;Left;0.4117999999999995;0;0
uid3;6;Aware;Button;Off;Right;4.713099999999997;0;0
uid3;8;Aware;Button;On;Front;3.7161000000000115;0;0
uid3;9;Aware;Button;Off;Front;9.088599999999985;0;0
uid3;10;Aware;Button;Off;Left;8.200999999999993;0;0
uid3;11;Aware;Button;On;Right;4.061999999999955;0;0
uid3;12;Aware;Button;On;Left;5.645200000000045;0;0
uid3;13;Aware;Button;On;Front;3.7162999999999897;0;0
uid3;14;Aware;Button;On;Back;6.989899999999977;0;0
uid3;15;Aware;Button;Off;Right;8.216499999999996;0;0
uid3;7;Unaware;Button;Off;Left;16.009800000000013;0;0
uid3;0;Aware;Trivia;On;Right;4.096069999999997;0;0
uid3;1;Aware;Trivia;On;Right;2.073849999999993;1;1
uid3;2;Aware;Trivia;Off;Right;3.9161399999999986;1;1
uid3;3;Aware;Trivia;Off;Left;8.448580000000007;1;1
uid3;4;Aware;Trivia;On;Left;7.650379999999984;1;0
uid3;5;Aware;Trivia;Off;Back;1.342579999999998;0;0
uid3;6;Aware;Trivia;On;Back;2.77248000000003;0;0
uid3;7;Aware;Trivia;On;Front;7.85408000000001;2;2
uid3;8;Aware;Trivia;On;Front;5.639779999999973;3;3
uid3;9;Aware;Trivia;Off;Right;1.6979800000000296;0;0
uid3;10;Aware;Trivia;Off;Front;1.8947800000000257;0;0
uid3;11;Aware;Trivia;Off;Front;7.237979999999993;2;1
uid3;12;Aware;Trivia;On;Back;6.225779999999986;0;0
uid3;13;Aware;Trivia;Off;Back;2.75788;1;1
uid3;14;Aware;Trivia;On;Left;7.3843800000000215;2;2
uid3;15;Aware;Trivia;Off;Left;16.05408;4;3
uid3;0;Aware;Headphone;Off;Left;5.299120000000002;0;0
uid3;1;Aware;Headphone;On;Back;4.988590000000016;0;0
uid3;2;Aware;Headphone;On;Front;9.1918;2;2
uid3;3;Aware;Headphone;Off;Front;11.162299999999988;4;4
uid3;4;Aware;Headphone;On;Left;10.320499999999981;4;4
uid3;5;Aware;Headphone;Off;Front;5.3615999999999815;0;0
uid3;6;Aware;Headphone;On;Front;10.313600000000008;2;2
uid3;7;Aware;Headphone;Off;Back;11.836000000000013;5;4
uid3;8;Aware;Headphone;Off;Back;8.07430000000005;2;2
uid3;9;Aware;Headphone;On;Back;7.244000000000028;2;2
uid3;10;Aware;Headphone;On;Left;7.840499999999963;4;1
uid3;11;Aware;Headphone;Off;Left;5.574900000000014;3;2
uid3;12;Aware;Headphone;Off;Right;6.639029999999991;2;0
uid3;13;Aware;Headphone;On;Right;10.181330000000003;2;0
uid3;14;Aware;Headphone;Off;Right;16.24063000000001;6;1
uid3;15;Aware;Headphone;On;Right;4.983130000000074;1;0
uid3;0;Aware;Trivia;On;Right;2.2463200000000008;0;0
uid3;1;Aware;Trivia;On;Left;4.245729999999995;1;1
uid3;2;Aware;Trivia;On;Back;5.733020000000003;1;1
uid3;3;Aware;Trivia;On;Left;7.116820000000018;1;1
uid3;4;Aware;Trivia;Off;Right;3.9454999999999814;1;1
uid3;5;Aware;Trivia;Off;Front;3.550799999999981;0;0
uid3;6;Aware;Trivia;Off;Right;7.17240000000001;4;4
uid3;7;Aware;Trivia;On;Back;3.3822999999999865;0;0
uid3;8;Aware;Trivia;Off;Back;6.597399999999993;3;3
uid3;9;Aware;Trivia;Off;Front;5.166899999999998;0;0
uid3;10;Aware;Trivia;Off;Back;6.993013000000019;1;1
uid3;11;Aware;Trivia;On;Front;8.668813;0;0
uid3;12;Aware;Trivia;On;Front;11.059213;1;1
uid3;13;Aware;Trivia;Off;Left;5.513613000000021;1;1
uid3;14;Aware;Trivia;Off;Left;1.6863129999999842;1;1
uid3;15;Aware;Trivia;On;Right;5.188312999999994;2;2
uid13;0;Aware;Headphone;Off;Back;30.573059999999998;3;3
uid13;2;Aware;Headphone;On;Back;13.867500000000007;1;1
uid13;3;Aware;Headphone;On;Right;2.5416000000000167;0;0
uid13;4;Aware;Headphone;Off;Back;9.192200000000014;1;1
uid13;5;Aware;Headphone;On;Front;4.914600000000007;0;0
uid13;6;Aware;Headphone;On;Front;12.2457;2;2
uid13;7;Aware;Headphone;Off;Front;10.001500000000021;0;0
uid13;8;Aware;Headphone;Off;Front;11.276499999999942;0;0
uid13;9;Aware;Headphone;Off;Left;10.953700000000026;0;0
uid13;10;Aware;Headphone;On;Left;4.928699999999992;0;0
uid13;11;Aware;Headphone;Off;Left;7.435000000000002;1;1
uid13;12;Aware;Headphone;On;Left;6.2964000000000055;0;0
uid13;13;Aware;Headphone;Off;Right;2.2508000000000266;0;0
uid13;14;Aware;Headphone;Off;Right;5.256400000000042;0;0
uid13;15;Aware;Headphone;On;Right;4.5758200000000215;0;0
uid13;0;Aware;Trivia;On;Back;4.320166;0;0
uid13;1;Aware;Trivia;On;Right;9.311299999999989;2;2
uid13;2;Aware;Trivia;On;Right;5.873519999999985;1;1
uid13;3;Aware;Trivia;Off;Back;4.879300000000001;0;0
uid13;4;Aware;Trivia;Off;Left;9.881299999999982;1;1
uid13;5;Aware;Trivia;Off;Back;6.17270000000002;0;0
uid13;6;Aware;Trivia;On;Front;8.757200000000012;0;0
uid13;7;Aware;Trivia;Off;Right;10.924999999999955;5;5
uid13;8;Aware;Trivia;Off;Left;5.373900000000049;1;1
uid13;9;Aware;Trivia;Off;Right;4.974799999999959;1;1
uid13;10;Aware;Trivia;Off;Front;5.3827;1;1
uid13;11;Aware;Trivia;Off;Front;9.707599999999957;2;2
uid13;12;Aware;Trivia;On;Front;10.623199999999997;1;1
uid13;13;Aware;Trivia;On;Back;10.620199999999954;0;0
uid13;14;Aware;Trivia;On;Left;7.704299999999989;1;1
uid13;15;Aware;Trivia;On;Left;4.7672999999999774;1;1
uid13;0;Aware;Button;On;Right;2.613220000000002;0;0
uid13;1;Aware;Button;On;Back;2.613909999999997;0;0
uid13;2;Aware;Button;Off;Front;5.678349999999995;0;0
uid13;3;Aware;Button;Off;Back;7.259439999999998;0;0
uid13;4;Aware;Button;Off;Left;6.263090000000005;0;0
uid13;5;Aware;Button;On;Back;4.488099999999989;0;0
uid13;6;Aware;Button;On;Left;6.273500000000013;0;0
uid13;7;Aware;Button;Off;Back;3.5704999999999814;0;0
uid13;8;Aware;Button;On;Front;5.260200000000026;0;0
uid13;9;Aware;Button;Off;Front;7.6206000000000245;0;0
uid13;10;Aware;Button;On;Front;7.543500000000023;0;0
uid13;11;Aware;Button;Off;Left;6.970199999999977;0;0
uid13;12;Aware;Button;On;Left;3.4972000000000207;0;0
uid13;13;Aware;Button;Off;Right;4.088000000000022;0;0
uid13;14;Aware;Button;Off;Right;3.9022999999999683;0;0
uid13;15;Aware;Button;On;Right;3.9371999999999616;0;0
uid1;0;Aware;Trivia;On;Right;16.33619;2;2
uid1;1;Aware;Trivia;Off;Front;14.21687;3;3
uid1;2;Aware;Trivia;On;Front;14.110439999999997;0;0
uid1;3;Aware;Trivia;On;Front;7.049200000000027;1;1
uid1;4;Aware;Trivia;Off;Front;3.747799999999984;1;1
uid1;5;Aware;Trivia;On;Back;3.1533000000000015;1;1
uid1;6;Aware;Trivia;Off;Back;16.475300000000004;6;4
uid1;7;Aware;Trivia;On;Back;3.468500000000006;2;1
uid1;8;Aware;Trivia;Off;Back;5.75139999999999;2;0
uid1;9;Aware;Trivia;Off;Left;14.545999999999992;5;0
uid1;10;Aware;Trivia;-;-;0.0;0;0
uid1;11;Unaware;Trivia;On;Left;20.911299999999983;0;0
uid1;12;Unaware;Trivia;On;Left;21.074599999999975;0;0
uid1;13;Unaware;Trivia;Off;Left;21.233300000000042;0;0
uid1;14;Unaware;Trivia;Off;Right;14.694999999999993;0;0
uid1;15;Unaware;Trivia;On;Right;19.41410000000002;0;0
uid1;0;Aware;Button;On;Left;14.37977;0;0
uid1;1;Aware;Button;Off;Right;12.023120000000006;0;0
uid1;2;Aware;Button;Off;Back;7.083830000000006;0;0
uid1;3;Aware;Button;Off;Back;5.919199999999989;0;0
uid1;4;Aware;Button;On;Right;8.120899999999978;0;0
uid1;5;Aware;Button;On;Left;14.026299999999992;0;0
uid1;6;Aware;Button;On;Right;8.63839999999999;0;0
uid1;7;Aware;Button;On;Back;4.296099999999967;0;0
uid1;8;Aware;Button;Off;Left;14.841099999999983;0;0
uid1;10;Aware;Button;On;Front;2.586999999999989;0;0
uid1;11;Aware;Button;Off;Front;2.740099999999984;0;0
uid1;12;Aware;Button;Off;Front;3.988299999999981;0;0
uid1;13;Aware;Button;On;Front;3.2256999999999607;0;0
uid1;14;Aware;Button;On;Back;3.823699999999974;0;0
uid1;15;Aware;Button;Off;Left;15.395600000000002;0;0
uid1;9;Unaware;Button;Off;Right;15.527600000000007;0;0
uid1;0;Aware;Headphone;Off;Front;6.345500000000001;1;1
uid1;1;Aware;Headphone;On;Right;4.898789999999991;1;1
uid1;2;Aware;Headphone;On;Back;4.237210000000005;0;0
uid1;4;Aware;Headphone;On;Back;2.0937999999999874;0;0
uid1;5;Aware;Headphone;On;Right;7.375999999999976;3;3
uid1;6;Aware;Headphone;Off;Back;5.3063999999999965;1;0
uid1;7;Aware;Headphone;Off;Right;10.307099999999991;2;0
uid1;8;Aware;Headphone;On;Front;2.2878000000000043;1;0
uid1;9;Aware;Headphone;-;-;0.008099999999956253;0;0
uid1;3;Unaware;Headphone;Off;Right;16.716700000000003;1;1
uid1;10;Unaware;Headphone;On;Front;19.89889999999997;0;0
uid1;11;Unaware;Headphone;Off;Front;16.53370000000001;0;0
uid1;12;Unaware;Headphone;Off;Back;15.003900000000044;0;0
uid1;13;Unaware;Headphone;Off;Left;16.40390000000002;0;0
uid1;14;Unaware;Headphone;Off;Left;16.21640000000002;0;0
uid1;15;Unaware;Headphone;On;Left;17.05849999999998;0;0
uid8;0;Aware;Headphone;On;Back;5.955099000000001;1;1
uid8;1;Aware;Headphone;Off;Front;7.391300000000001;2;1
uid8;2;Aware;Headphone;On;Front;3.6573999999999955;2;2
uid8;3;Aware;Headphone;Off;Back;12.22847999999999;3;3
uid8;4;Aware;Headphone;On;Front;3.1794200000000075;0;0
uid8;5;Aware;Headphone;Off;Front;7.230099999999993;2;2
uid8;6;Aware;Headphone;On;Back;2.353199999999987;0;0
uid8;7;Aware;Headphone;Off;Back;8.412500000000023;1;1
uid8;8;Aware;Headphone;Off;Left;16.2466;1;0
uid8;9;Aware;Headphone;On;Left;5.657999999999987;1;0
uid8;10;Aware;Headphone;On;Left;10.352299999999985;3;3
uid8;14;Aware;Headphone;On;Right;4.622299999999996;1;1
uid8;15;Aware;Headphone;On;Right;6.509529999999984;1;1
uid8;11;Unaware;Headphone;Off;Left;15.299399999999991;3;3
uid8;12;Unaware;Headphone;Off;Right;11.892300000000034;0;0
uid8;13;Unaware;Headphone;Off;Right;11.598899999999958;1;1
uid8;0;Aware;Button;On;Left;11.343666;0;0
uid8;1;Aware;Button;Off;Left;15.186980000000005;0;0
uid8;2;Aware;Button;Off;Right;0.37533000000000527;0;0
uid8;3;Aware;Button;On;Right;2.423000000000002;0;0
uid8;4;Aware;Button;On;Right;5.990199999999987;0;0
uid8;5;Aware;Button;On;Back;4.575000000000017;0;0
uid8;6;Aware;Button;On;Left;13.651999999999987;0;0
uid8;8;Aware;Button;On;Front;3.0634999999999764;0;0
uid8;10;Aware;Button;On;Front;3.112000000000023;0;0
uid8;11;Aware;Button;Off;Front;3.2414999999999736;0;0
uid8;12;Aware;Button;Off;Back;4.589800000000025;0;0
uid8;13;Aware;Button;On;Back;2.9616000000000327;0;0
uid8;14;Aware;Button;Off;Back;5.808400000000006;0;0
uid8;15;Aware;Button;Off;Left;15.737499999999955;0;0
uid8;7;Unaware;Button;Off;Front;20.24029999999999;0;0
uid8;9;Unaware;Button;Off;Right;15.001800000000003;0;0
uid8;1;Aware;Trivia;On;Front;8.009000000000;2;2
uid8;2;Aware;Trivia;Off;Right;26.816280000000006;9;8
uid8;3;Aware;Trivia;Off;Back;8.281599999999997;3;3
uid8;4;Aware;Trivia;On;Right;2.8634999999999877;1;1
uid8;6;Aware;Trivia;On;Left;14.538700000000006;5;4
uid8;7;Aware;Trivia;Off;Left;15.208399999999983;6;5
uid8;8;Aware;Trivia;On;Back;5.689300000000003;3;3
uid8;9;Aware;Trivia;Off;Left;16.015299999999968;15;15
uid8;10;Aware;Trivia;On;Right;5.415900000000022;5;5
uid8;11;Aware;Trivia;-;-;0.0;0;0
uid8;0;Unaware;Trivia;Off;Back;23.28434;4;4
uid8;5;Unaware;Trivia;Off;Front;21.344099999999997;7;7
uid8;12;Unaware;Trivia;On;Front;20.46199999999999;0;0
uid8;13;Unaware;Trivia;Off;Right;15.250900000000001;0;0
uid8;14;Unaware;Trivia;Off;Front;20.94409999999999;0;0
uid8;15;Unaware;Trivia;On;Back;19.0659;0;0
uid9;0;Aware;Trivia;On;Front;13.529519999999998;2;2
uid9;1;Aware;Trivia;On;Right;10.674859999999995;1;1
uid9;2;Aware;Trivia;Off;Right;7.929739999999995;1;1
uid9;3;Aware;Trivia;On;Front;11.630770000000012;1;1
uid9;4;Aware;Trivia;On;Right;11.902690000000007;3;3
uid9;5;Aware;Trivia;On;Left;10.854500000000002;2;2
uid9;6;Aware;Trivia;Off;Right;7.734399999999994;2;2
uid9;7;Aware;Trivia;Off;Front;12.589400000000012;5;5
uid9;8;Aware;Trivia;Off;Front;13.171600000000012;3;2
uid9;9;Aware;Trivia;On;Back;10.204099999999983;2;2
uid9;10;Aware;Trivia;On;Back;8.939900000000023;2;2
uid9;11;Aware;Trivia;Off;Back;12.501500000000021;3;2
uid9;12;Aware;Trivia;Off;Back;10.967600000000004;2;2
uid9;13;Aware;Trivia;On;Left;12.674399999999991;2;2
uid9;14;Aware;Trivia;Off;Left;10.23539999999997;1;1
uid9;15;Aware;Trivia;Off;Left;12.632199999999955;4;4
uid9;0;Aware;Button;Off;Front;18.72500000000000;0;0
uid9;1;Aware;Button;On;Left;17.420389999999998;0;0
uid9;2;Aware;Button;Off;Left;16.755849999999995;0;0
uid9;3;Aware;Button;Off;Back;18.47889999999998;0;0
uid9;4;Aware;Button;Off;Right;12.39700000000002;0;0
uid9;5;Aware;Button;On;Right;16.610199999999992;0;0
uid9;6;Aware;Button;On;Front;16.990499999999997;0;0
uid9;7;Aware;Button;On;Back;15.486300000000028;0;0
uid9;8;Aware;Button;Off;Left;16.240800000000036;0;0
uid9;9;Aware;Button;Off;Back;15.53570000000002;0;0
uid9;10;Aware;Button;On;Left;15.159999999999968;0;0
uid9;11;Aware;Button;On;Front;16.631500000000017;0;0
uid9;12;Aware;Button;Off;Front;16.63439999999997;0;0
uid9;13;Aware;Button;On;Back;16.183100000000024;0;0
uid9;14;Aware;Button;On;Right;17.23309999999998;0;0
uid9;15;Aware;Button;Off;Right;11.359499999999969;0;0
uid9;0;Aware;Headphone;On;Back;7.399600000000007;2;2
uid9;1;Aware;Headphone;On;Left;6.438799999999986;1;1
uid9;2;Aware;Headphone;Off;Left;2.8777000000000044;1;1
uid9;3;Aware;Headphone;Off;Left;0.8654000000000224;0;0
uid9;5;Aware;Headphone;Off;Front;0.9902000000000157;0;0
uid9;6;Aware;Headphone;Off;Front;24.35759999999999;2;2
uid9;7;Aware;Headphone;On;Front;23.41900000000004;5;4
uid9;8;Aware;Headphone;Off;Back;24.15070000000003;8;8
uid9;9;Aware;Headphone;Off;Back;17.00029999999998;4;3
uid9;10;Aware;Headphone;On;Back;21.422199999999975;5;5
uid9;11;Aware;Headphone;On;Right;18.550900000000013;4;4
uid9;13;Aware;Headphone;On;Left;10.479929999999996;5;5
uid9;14;Aware;Headphone;-;-;0.0;0;0
uid9;4;Unaware;Headphone;On;Front;20.92149999999998;3;3
uid18;0;Aware;Button;On;Left;13.549587000000002;0;0
uid18;1;Aware;Button;On;Front;4.86216000000001;0;0
uid18;2;Aware;Button;On;Front;4.086199999999991;0;0
uid18;3;Aware;Button;Off;Front;4.044799999999981;0;0
uid18;4;Aware;Button;Off;Back;4.991799999999984;0;0
uid18;5;Aware;Button;Off;Front;4.237899999999996;0;0
uid18;6;Aware;Button;On;Back;2.2665000000000077;0;0
uid18;7;Aware;Button;Off;Back;3.9069999999999823;0;0
uid18;8;Aware;Button;On;Back;2.074899999999957;0;0
uid18;9;Aware;Button;On;Left;14.425600000000031;0;0
uid18;10;Aware;Button;Off;Left;15.399900000000002;0;0
uid18;11;Aware;Button;Off;Left;15.002099999999984;0;0
uid18;12;Aware;Button;Off;Right;11.62299999999999;0;0
uid18;13;Aware;Button;On;Right;17.221299999999985;0;0
uid18;14;Aware;Button;On;Right;13.672300000000007;0;0
uid18;15;Aware;Button;Off;Right;11.387599999999964;0;0
uid18;0;Aware;Headphone;On;Front;6.91112;1;1
uid18;1;Aware;Headphone;Off;Front;4.119539999999997;2;2
uid18;2;Aware;Headphone;Off;Front;4.437219999999996;1;1
uid18;3;Aware;Headphone;On;Left;11.186989999999994;2;2
uid18;4;Aware;Headphone;On;Front;6.053799999999995;0;0
uid18;5;Aware;Headphone;On;Back;4.4178;1;1
uid18;6;Aware;Headphone;On;Back;5.599199999999996;1;1
uid18;7;Aware;Headphone;Off;Back;9.58850000000001;2;2
uid18;8;Aware;Headphone;Off;Back;5.537400000000019;2;2
uid18;9;Aware;Headphone;Off;Left;12.683899999999994;2;1
uid18;10;Aware;Headphone;On;Left;11.2089;2;2
uid18;11;Aware;Headphone;Off;Left;11.281600000000026;2;1
uid18;12;Aware;Headphone;On;Right;8.30880000000002;1;1
uid18;13;Aware;Headphone;On;Right;7.7876999999999725;0;0
uid18;14;Aware;Headphone;Off;Right;8.579799999999977;1;1
uid18;15;Aware;Headphone;Off;Right;8.853499999999997;1;1
uid18;0;Aware;Trivia;On;Front;8.490378;1;1
uid18;1;Aware;Trivia;On;Front;4.7895500000000055;1;1
uid18;2;Aware;Trivia;Off;Left;17.694219999999987;3;3
uid18;3;Aware;Trivia;Off;Front;8.012799999999999;1;1
uid18;4;Aware;Trivia;Off;Front;6.192800000000005;1;1
uid18;5;Aware;Trivia;Off;Back;8.00369999999998;1;1
uid18;6;Aware;Trivia;On;Back;10.083399999999983;1;1
uid18;7;Aware;Trivia;Off;Back;9.545200000000023;2;1
uid18;8;Aware;Trivia;On;Back;3.637300000000039;1;1
uid18;9;Aware;Trivia;Off;Left;14.581900000000019;3;3
uid18;10;Aware;Trivia;On;Left;11.91210000000001;2;2
uid18;11;Aware;Trivia;On;Left;12.847499999999968;2;2
uid18;12;Aware;Trivia;On;Right;12.969100000000026;2;2
uid18;13;Aware;Trivia;Off;Right;11.120799999999974;1;1
uid18;14;Aware;Trivia;On;Right;13.922399999999982;2;2
uid18;15;Aware;Trivia;Off;Right;12.084799999999973;3;3
uid19;5;Aware;;On;Right;53.221112;0;0
uid19;6;Aware;;Off;Front;5.454599999999999;0;0
uid19;8;Aware;;Off;Back;13.030100000000004;0;0
uid19;10;Aware;;Off;Left;26.124589999999998;0;0
uid19;11;Aware;;Off;Back;6.325499999999977;0;0
uid19;14;Aware;;On;Back;3.5323300000000017;0;0
uid19;15;Aware;;On;Front;8.86748;0;0
uid19;0;Unaware;;On;Front;15.375399999999999;0;0
uid19;1;Unaware;;Off;Right;12.33880000000002;0;0
uid19;2;Unaware;;Off;Right;13.0351;0;0
uid19;3;Unaware;;On;Left;16.459099999999978;0;0
uid19;7;Unaware;;Off;Front;16.465100000000007;0;0
uid19;12;Unaware;;On;Right;16.847800000000007;0;0
uid19;1;Aware;Headphone;Off;Back;13.985750000000003;2;2
uid19;2;Aware;Headphone;Off;Front;15.097980000000007;1;1
uid19;3;Aware;Headphone;Off;Front;11.642899999999997;2;2
uid19;5;Aware;Headphone;On;Front;13.287700000000001;2;1
uid19;6;Aware;Headphone;On;Back;14.990399999999994;1;1
uid19;7;Aware;Headphone;Off;Back;11.510500000000008;2;2
uid19;8;Aware;Headphone;On;Back;7.82729999999998;1;1
uid19;9;Aware;Headphone;Off;Left;15.52258999999998;2;2
uid19;10;Aware;Headphone;-;-;0.034609999999986485;0;0
uid19;0;Unaware;Headphone;On;Front;23.434724;1;1
uid19;4;Unaware;Headphone;On;Left;23.7765;1;1
uid19;11;Unaware;Headphone;Off;Left;21.393500000000017;2;2
uid19;12;Unaware;Headphone;On;Left;20.7491;0;0
uid19;13;Unaware;Headphone;On;Right;20.85790000000003;2;1
uid19;14;Unaware;Headphone;On;Right;20.741800000000012;2;2
uid19;15;Unaware;Headphone;Off;Right;15.235099999999989;1;1
uid14;0;Aware;Trivia;On;Left;17.808294999999998;3;2
uid14;1;Aware;Trivia;Off;Right;9.689880000000002;2;2
uid14;2;Aware;Trivia;On;Right;13.392899999999997;4;4
uid14;3;Aware;Trivia;On;Back;7.179699999999997;2;2
uid14;4;Aware;Trivia;Off;Left;15.94889999999998;5;5
uid14;5;Aware;Trivia;On;Right;10.403310000000005;1;0
uid14;6;Aware;Trivia;Off;Left;13.991309999999999;0;0
uid14;7;Aware;Trivia;On;Front;6.235010000000045;0;0
uid14;8;Aware;Trivia;Off;Back;8.34120999999999;1;1
uid14;9;Aware;Trivia;On;Back;1.3487100000000396;0;0
uid14;10;Aware;Trivia;Off;Back;10.290010000000052;1;1
uid14;11;Aware;Trivia;On;Front;2.6281099999999924;1;1
uid14;12;Aware;Trivia;Off;Front;6.923110000000008;1;1
uid14;13;Aware;Trivia;Off;Front;8.943010000000015;2;2
uid14;14;Aware;Trivia;On;Left;5.1111099999999965;1;1
uid14;15;Aware;Trivia;Off;Right;1.4656100000000265;0;0
uid14;0;Aware;Headphone;On;Right;11.455306;2;2
uid14;1;Aware;Headphone;Off;Back;4.540150000000004;1;1
uid14;2;Aware;Headphone;On;Left;8.411219999999993;1;1
uid14;3;Aware;Headphone;On;Back;2.7571900000000085;0;0
uid14;4;Aware;Headphone;Off;Right;9.164100000000005;2;2
uid14;5;Aware;Headphone;Off;Front;8.638500000000022;1;1
uid14;6;Aware;Headphone;On;Front;3.4396000000000413;1;1
uid14;7;Aware;Headphone;Off;Back;6.011199999999974;1;1
uid14;8;Aware;Headphone;On;Front;5.932100000000048;1;1
uid14;9;Aware;Headphone;On;Right;10.192800000000034;0;0
uid14;10;Aware;Headphone;Off;Front;9.884699999999953;2;2
uid14;12;Aware;Headphone;Off;Left;8.704800000000034;1;1
uid14;13;Aware;Headphone;On;Left;8.55359999999996;3;3
uid14;14;Aware;Headphone;Off;Left;13.309699999999964;0;0
uid14;15;Aware;Headphone;Off;Right;1.6190000000000282;0;0
uid14;0;Aware;Trivia;Off;Back;5.693004;1;1
uid14;1;Aware;Trivia;Off;Right;0.7230500000000006;1;1
uid14;2;Aware;Trivia;Off;Front;6.77561;3;3
uid14;3;Aware;Trivia;On;Right;0.4727200000000096;0;0
uid14;4;Aware;Trivia;On;Left;10.179190000000006;1;1
uid14;5;Aware;Trivia;Off;Left;11.563200000000009;1;1
uid14;6;Aware;Trivia;On;Left;7.094999999999999;1;1
uid14;8;Aware;Trivia;On;Front;5.356700000000018;2;2
uid14;9;Aware;Trivia;On;Back;3.7900000000000205;1;1
uid14;11;Aware;Trivia;Off;Left;2.8896000000000015;1;1
uid14;12;Aware;Trivia;Off;Front;11.062099999999987;5;5
uid14;13;Aware;Trivia;On;Back;3.0836000000000467;1;1
uid14;14;Aware;Trivia;On;Right;6.460199999999986;2;2
uid14;15;Aware;Trivia;Off;Right;7.961900000000014;3;2
uid14;10;Unaware;Trivia;Off;Back;15.062600000000003;2;2
uid15;0;Aware;Trivia;On;Front;9.019900000000003;0;0
uid15;1;Aware;Trivia;On;Right;8.522219999999997;0;0
uid15;2;Aware;Trivia;Off;Front;7.357169999999996;1;1
uid15;3;Aware;Trivia;Off;Back;11.975750000000005;1;1
uid15;4;Aware;Trivia;On;Left;7.3767;0;0
uid15;5;Aware;Trivia;Off;Front;3.2363;0;0
uid15;6;Aware;Trivia;On;Front;1.7872000000000128;1;1
uid15;7;Aware;Trivia;On;Back;3.1170000000000186;1;1
uid15;8;Aware;Trivia;Off;Back;9.466500000000025;2;1
uid15;9;Aware;Trivia;On;Back;13.119639999999976;1;1
uid15;10;Aware;Trivia;On;Left;9.480899999999991;0;0
uid15;11;Aware;Trivia;Off;Left;4.353599999999972;1;1
uid15;12;Aware;Trivia;Off;Left;12.360700000000008;4;3
uid15;13;Aware;Trivia;On;Right;3.8471000000000117;2;2
uid15;14;Aware;Trivia;Off;Right;10.598639999999989;0;0
uid15;15;Aware;Trivia;-;-;0.0;0;0
uid15;0;Aware;Button;On;Back;11.898986999999998;0;0
uid15;1;Aware;Button;Off;Front;12.307670000000002;0;0
uid15;2;Aware;Button;On;Right;2.92371;0;0
uid15;3;Aware;Button;On;Left;11.472560000000001;0;0
uid15;4;Aware;Button;Off;Front;3.064619999999991;0;0
uid15;5;Aware;Button;Off;Right;9.60310000000004;0;0
uid15;6;Aware;Button;Off;Back;10.77849999999998;0;0
uid15;7;Aware;Button;On;Front;9.379500000000007;0;0
uid15;8;Aware;Button;Off;Left;11.110900000000015;0;0
uid15;9;Aware;Button;On;Right;8.172599999999989;0;0
uid15;10;Aware;Button;Off;Back;9.659500000000008;0;0
uid15;11;Aware;Button;On;Front;11.888900000000035;0;0
uid15;12;Aware;Button;On;Back;9.655699999999968;0;0
uid15;13;Aware;Button;Off;Left;11.067900000000009;0;0
uid15;14;Aware;Button;On;Left;11.937299999999993;0;0
uid15;15;Aware;Button;Off;Right;6.5645000000000095;0;0
uid15;0;Aware;;On;Right;6.582000000000008;0;0
uid15;1;Aware;;Off;Right;17.529899999999998;0;0
uid15;2;Aware;;On;Right;7.151099999999985;0;0
uid15;3;Aware;;On;Back;5.565799999999996;0;0
uid15;4;Aware;;On;Front;9.370900000000006;0;0
uid15;5;Aware;;Off;Back;11.777299999999997;0;0
uid15;6;Aware;;On;Back;12.39700000000002;0;0
uid15;7;Aware;;On;Front;10.158600000000007;0;0
uid15;8;Aware;;Off;Front;11.111700000000042;0;0
uid15;10;Aware;;On;Left;12.65042;0;0
uid15;11;Aware;;Off;Left;14.155300000000011;0;0
uid15;12;Aware;;On;Left;6.576999999999998;0;0
uid15;15;Aware;;Off;Left;11.3356;0;0
uid15;13;Unaware;;Off;Right;12.357199999999978;0;0
uid15;0;Aware;Headphone;Off;Left;21.399473;3;3
uid15;1;Aware;Headphone;On;Left;10.055680000000002;4;4
uid15;2;Aware;Headphone;On;Right;7.547480000000007;3;3
uid15;3;Aware;Headphone;Off;Right;6.5264800000000065;2;2
uid15;4;Aware;Headphone;On;Right;14.370999999999981;4;4
uid15;5;Aware;Headphone;Off;Front;12.463399999999979;7;7
uid15;6;Aware;Headphone;Off;Left;16.17750000000001;6;6
uid15;7;Aware;Headphone;On;Left;13.732100000000003;3;3
uid15;8;Aware;Headphone;On;Front;15.04200000000003;7;6
uid15;9;Aware;Headphone;On;Front;13.500699999999995;2;1
uid15;10;Aware;Headphone;Off;Front;17.603779999999972;8;8
uid15;11;Aware;Headphone;On;Back;14.712500000000034;8;7
uid15;12;Aware;Headphone;On;Back;14.985799999999983;14;14
uid15;13;Aware;Headphone;Off;Back;17.961700000000008;18;18
uid15;14;Aware;Headphone;Off;Back;15.638500000000022;4;4
uid15;15;Aware;Headphone;Off;Right;8.442600000000027;1;1
uid16;0;Aware;Trivia;On;Left;16.85555;3;3
uid16;1;Aware;Trivia;On;Back;5.364949999999993;0;0
uid16;2;Aware;Trivia;Off;Right;12.853660000000005;3;3
uid16;3;Aware;Trivia;Off;Back;7.633900000000011;1;1
uid16;4;Aware;Trivia;On;Left;15.729900000000015;2;2
uid16;5;Aware;Trivia;Off;Left;14.633399999999995;3;3
uid16;6;Aware;Trivia;Off;Front;5.260799999999989;2;2
uid16;7;Aware;Trivia;Off;Front;5.11069999999998;1;1
uid16;8;Aware;Trivia;On;Right;11.984500000000025;2;1
uid16;9;Aware;Trivia;On;Back;4.508199999999988;0;0
uid16;10;Aware;Trivia;On;Front;9.635199999999998;2;2
uid16;11;Aware;Trivia;Off;Left;15.366899999999987;4;4
uid16;12;Aware;Trivia;On;Front;4.271200000000022;1;1
uid16;13;Aware;Trivia;Off;Back;11.76830000000001;3;3
uid16;14;Aware;Trivia;On;Right;11.179399999999987;1;1
uid16;15;Aware;Trivia;Off;Right;10.947069999999997;2;2
uid16;0;Aware;Headphone;Off;Right;12.136719;3;3
uid16;1;Aware;Headphone;On;Right;8.240190000000005;1;1
uid16;2;Aware;Headphone;On;Left;10.830439999999996;2;2
uid16;3;Aware;Headphone;On;Right;8.904330000000002;2;2
uid16;4;Aware;Headphone;On;Back;5.2132000000000005;1;1
uid16;5;Aware;Headphone;Off;Right;7.534899999999993;2;2
uid16;6;Aware;Headphone;Off;Front;4.372200000000021;0;0
uid16;7;Aware;Headphone;On;Front;5.081700000000012;1;1
uid16;8;Aware;Headphone;Off;Front;9.283600000000007;3;3
uid16;9;Aware;Headphone;On;Front;4.9039000000000215;3;3
uid16;10;Aware;Headphone;Off;Back;5.224700000000013;1;1
uid16;11;Aware;Headphone;On;Back;4.203699999999998;1;1
uid16;12;Aware;Headphone;Off;Back;8.442499999999995;2;2
uid16;13;Aware;Headphone;Off;Left;12.340199999999982;2;2
uid16;14;Aware;Headphone;On;Left;11.078599999999994;3;3
uid16;15;Aware;Headphone;Off;Left;7.2487200000000485;2;2
uid16;0;Aware;Button;Off;Left;14.575036000000004;0;0
uid16;1;Aware;Button;On;Back;3.1788500000000113;0;0
uid16;2;Aware;Button;Off;Back;6.256919999999994;0;0
uid16;3;Aware;Button;On;Right;3.205619999999996;0;0
uid16;4;Aware;Button;On;Front;2.1190799999999967;0;0
uid16;5;Aware;Button;On;Front;6.087600000000009;0;0
uid16;6;Aware;Button;On;Left;9.831000000000017;0;0
uid16;7;Aware;Button;Off;Left;11.137700000000024;0;0
uid16;8;Aware;Button;On;Left;10.934500000000014;0;0
uid16;9;Aware;Button;Off;Front;5.156600000000026;0;0
uid16;10;Aware;Button;Off;Front;4.891399999999976;0;0
uid16;11;Aware;Button;On;Back;3.2583000000000197;0;0
uid16;12;Aware;Button;Off;Back;2.93100000000004;0;0
uid16;13;Aware;Button;On;Right;5.099899999999991;0;0
uid16;15;Aware;Button;Off;Right;8.143899999999974;0;0
uid16;14;Unaware;Button;Off;Right;13.538000000000011;0;0
uid17;0;Aware;Trivia;On;Right;7.484253000000001;2;2
uid17;1;Aware;Trivia;Off;Front;9.891379999999998;2;2
uid17;2;Aware;Trivia;Off;Back;3.3267299999999977;0;0
uid17;3;Aware;Trivia;On;Front;5.376739999999998;1;0
uid17;5;Aware;Trivia;Off;Front;4.454600000000013;1;1
uid17;6;Aware;Trivia;On;Back;9.500200000000007;0;0
uid17;7;Aware;Trivia;Off;Right;9.398000000000025;0;0
uid17;8;Aware;Trivia;On;Back;6.049900000000008;1;1
uid17;9;Aware;Trivia;On;Front;4.693099999999987;1;1
uid17;10;Aware;Trivia;Off;Back;9.730999999999995;1;1
uid17;11;Aware;Trivia;On;Left;3.710800000000006;0;0
uid17;12;Aware;Trivia;On;Left;9.92689999999999;0;0
uid17;13;Aware;Trivia;Off;Left;12.245799999999974;1;1
uid17;15;Aware;Trivia;On;Right;11.775599999999997;2;2
uid17;4;Unaware;Trivia;Off;Right;13.639330000000001;1;0
uid17;14;Unaware;Trivia;Off;Left;18.781200000000013;1;1
uid17;0;Aware;Headphone;On;Front;10.517870000000002;1;1
uid17;1;Aware;Headphone;On;Back;3.4537699999999916;0;0
uid17;2;Aware;Headphone;Off;Back;16.1451;2;2
uid17;3;Aware;Headphone;On;Back;8.906499999999994;1;1
uid17;4;Aware;Headphone;On;Left;14.437399999999968;2;2
uid17;5;Aware;Headphone;On;Right;9.770000000000039;3;3
uid17;6;Aware;Headphone;Off;Front;9.308400000000006;0;0
uid17;7;Aware;Headphone;Off;Left;10.914600000000007;4;3
uid17;8;Aware;Headphone;Off;Front;6.989900000000034;1;1
uid17;9;Aware;Headphone;On;Front;8.162800000000004;0;0
uid17;11;Aware;Headphone;Off;Left;2.9419000000000324;0;0
uid17;12;Aware;Headphone;On;Left;13.283500000000004;0;0
uid17;14;Aware;Headphone;On;Right;10.37360000000001;1;1
uid17;15;Aware;Headphone;Off;Right;6.171130000000005;1;1
uid17;10;Unaware;Headphone;Off;Back;20.034299999999973;2;2
uid17;13;Unaware;Headphone;Off;Right;14.809199999999976;1;0
uid17;0;Aware;Button;On;Left;17.910666700000007;0;0
uid17;1;Aware;Button;Off;Left;9.826639999999998;0;0
uid17;2;Aware;Button;Off;Left;2.7315200000000033;0;0
uid17;3;Aware;Button;Off;Front;9.47744999999999;0;0
uid17;4;Aware;Button;On;Left;7.317260000000033;0;0
uid17;5;Aware;Button;On;Front;7.459440000000001;0;0
uid17;6;Aware;Button;On;Front;7.305099999999982;0;0
uid17;7;Aware;Button;Off;Front;9.750599999999963;0;0
uid17;8;Aware;Button;Off;Back;6.808099999999968;0;0
uid17;9;Aware;Button;Off;Back;5.439300000000003;0;0
uid17;10;Aware;Button;On;Back;5.612099999999998;0;0
uid17;11;Aware;Button;On;Back;6.065500000000043;0;0
uid17;12;Aware;Button;On;Right;6.37639999999999;0;0
uid17;13;Aware;Button;Off;Right;0.7770399999999995;0;0
uid17;14;Aware;Button;Off;Right;5.089639999999974;0;0
uid17;15;Aware;Button;-;-;2.7654600000000187;0;0
uid10;1;Aware;Button;Off;Left;10.76652;0;0
uid10;2;Aware;Button;On;Back;3.2605700000000013;0;0
uid10;3;Aware;Button;Off;Left;10.593549999999993;0;0
uid10;4;Aware;Button;On;Back;2.4564900000000307;0;0
uid10;5;Aware;Button;On;Front;4.768300000000011;0;0
uid10;6;Aware;Button;On;Right;7.6096;0;0
uid10;7;Aware;Button;Off;Back;6.388599999999997;0;0
uid10;8;Aware;Button;Off;Back;7.247800000000012;0;0
uid10;9;Aware;Button;On;Front;2.908999999999992;0;0
uid10;10;Aware;Button;Off;Front;2.7729999999999677;0;0
uid10;11;Aware;Button;Off;Front;2.5124000000000137;0;0
uid10;12;Aware;Button;On;Left;8.69870000000003;0;0
uid10;13;Aware;Button;On;Left;8.902099999999962;0;0
uid10;14;Aware;Button;On;Right;4.433800000000019;0;0
uid10;15;Aware;Button;Off;Right;18.77189999999996;0;0
uid10;0;Unaware;Button;Off;Right;16.645932000000002;0;0
uid10;0;Aware;Trivia;Off;Left;31.355420000000002;4;4
uid10;1;Aware;Trivia;On;Left;10.432040000000008;1;1
uid10;2;Aware;Trivia;Off;Back;7.183089999999993;0;0
uid10;3;Aware;Trivia;Off;Back;5.433299999999974;0;0
uid10;4;Aware;Trivia;Off;Left;16.367099999999994;3;3
uid10;5;Aware;Trivia;On;Front;4.605400000000003;1;1
uid10;6;Aware;Trivia;Off;Front;3.6222000000000207;1;1
uid10;7;Aware;Trivia;On;Left;14.569699999999955;1;1
uid10;8;Aware;Trivia;Off;Front;4.639800000000037;1;1
uid10;9;Aware;Trivia;On;Front;4.138699999999972;0;0
uid10;10;Aware;Trivia;On;Back;3.1107999999999834;0;0
uid10;11;Aware;Trivia;On;Back;4.636599999999987;0;0
uid10;12;Aware;Trivia;On;Right;8.841799999999978;1;1
uid10;15;Aware;Trivia;On;Right;5.535309999999981;0;0
uid10;13;Unaware;Trivia;Off;Right;14.984300000000019;0;0
uid10;14;Unaware;Trivia;Off;Right;14.518399999999986;1;1
uid10;0;Aware;Headphone;On;Right;15.688804999999999;1;1
uid10;2;Aware;Headphone;On;Front;2.968880000000013;0;0
uid10;3;Aware;Headphone;On;Front;3.1145000000000067;0;0
uid10;4;Aware;Headphone;Off;Back;12.173899999999975;0;0
uid10;5;Aware;Headphone;Off;Left;15.9341;3;3
uid10;6;Aware;Headphone;On;Right;10.732500000000016;1;1
uid10;8;Aware;Headphone;Off;Front;2.779800000000023;0;0
uid10;9;Aware;Headphone;Off;Front;4.461099999999988;1;1
uid10;10;Aware;Headphone;On;Back;3.366100000000017;0;0
uid10;11;Aware;Headphone;Off;Back;3.32710000000003;1;1
uid10;12;Aware;Headphone;On;Back;3.960199999999986;0;0
uid10;13;Aware;Headphone;On;Left;13.637299999999982;4;4
uid10;14;Aware;Headphone;Off;Left;15.324000000000012;1;1
uid10;15;Aware;Headphone;On;Left;14.120800000000031;1;1
uid10;1;Unaware;Headphone;Off;Right;16.88306999999999;1;1
uid10;7;Unaware;Headphone;Off;Right;15.425900000000013;1;1
uid11;1;Aware;Trivia;On;Right;8.849420000000002;2;2
uid11;2;Aware;Trivia;On;Right;8.943279999999987;1;1
uid11;3;Aware;Trivia;On;Left;7.89819;1;1
uid11;5;Aware;Trivia;On;Front;4.553100000000001;1;1
uid11;6;Aware;Trivia;On;Back;7.717900000000014;3;3
uid11;7;Aware;Trivia;On;Back;2.532900000000012;1;1
uid11;8;Aware;Trivia;On;Front;7.1325999999999965;2;2
uid11;9;Aware;Trivia;Off;Front;13.036500000000018;2;2
uid11;10;Aware;Trivia;Off;Back;14.137499999999989;2;1
uid11;11;Aware;Trivia;Off;Back;10.656200000000013;4;2
uid11;13;Aware;Trivia;On;Left;10.257799999999975;2;1
uid11;15;Aware;Trivia;Off;Right;2.72732000000002;1;0
uid11;0;Unaware;Trivia;Off;Front;17.366673999999996;1;1
uid11;4;Unaware;Trivia;Off;Right;12.414500000000004;2;1
uid11;12;Unaware;Trivia;Off;Left;16.39530000000002;2;1
uid11;14;Unaware;Trivia;Off;Left;16.5163;4;2
uid11;0;Aware;Button;Off;Left;15.986700999999996;0;0
uid11;1;Aware;Button;On;Back;6.900380000000013;0;0
uid11;2;Aware;Button;Off;Front;12.384629999999959;0;0
uid11;3;Aware;Button;On;Right;7.5301000000000045;0;0
uid11;4;Aware;Button;On;Front;6.306700000000035;0;0
uid11;6;Aware;Button;On;Back;4.066699999999969;0;0
uid11;7;Aware;Button;On;Left;13.542400000000043;0;0
uid11;8;Aware;Button;Off;Right;0.5463000000000306;0;0
uid11;9;Aware;Button;On;Front;3.8858999999999924;0;0
uid11;10;Aware;Button;Off;Left;14.695299999999975;0;0
uid11;11;Aware;Button;On;Left;4.43829999999997;0;0
uid11;12;Aware;Button;Off;Front;5.27170000000001;0;0
uid11;13;Aware;Button;Off;Back;3.9067999999999756;0;0
uid11;14;Aware;Button;Off;Back;5.84190000000001;0;0
uid11;15;Aware;Button;On;Right;7.052099999999996;0;0
uid11;5;Unaware;Button;Off;Right;14.720899999999972;0;0
uid11;0;Aware;Headphone;On;Left;10.473135;2;2
uid11;3;Aware;Headphone;On;Right;7.843350000000001;1;1
uid11;8;Aware;Headphone;On;Front;10.414199999999994;2;2
uid11;12;Aware;Headphone;On;Back;5.059600000000046;1;0
uid11;13;Aware;Headphone;On;Back;8.27430000000004;1;1
uid11;14;Aware;Headphone;-;-;0.0;0;0
uid11;1;Unaware;Headphone;Off;Right;12.818709999999996;1;1
uid11;2;Unaware;Headphone;Off;Right;11.859729999999999;2;2
uid11;4;Unaware;Headphone;Off;Left;15.855699999999999;3;2
uid11;5;Unaware;Headphone;Off;Front;15.822799999999972;3;3
uid11;6;Unaware;Headphone;Off;Front;16.3793;3;2
uid11;7;Unaware;Headphone;On;Right;15.991700000000009;3;2
uid11;9;Unaware;Headphone;On;Front;16.305999999999983;2;2
uid11;10;Unaware;Headphone;Off;Back;15.579100000000011;2;2
uid11;11;Unaware;Headphone;Off;Back;15.301400000000001;3;3
uid11;15;Unaware;Headphone;On;Left;16.99029999999999;5;5
uid12;0;Aware;Trivia;On;Front;11.699922;2;1
uid12;1;Aware;Trivia;On;Right;10.432140000000004;3;3
uid12;2;Aware;Trivia;On;Left;9.064310000000006;2;2
uid12;3;Aware;Trivia;Off;Right;8.532320000000027;2;2
uid12;4;Aware;Trivia;Off;Front;5.892899999999997;1;1
uid12;5;Aware;Trivia;Off;Back;2.2556999999999903;0;0
uid12;6;Aware;Trivia;On;Left;10.764999999999986;2;2
uid12;7;Aware;Trivia;On;Front;5.719200000000001;2;2
uid12;8;Aware;Trivia;Off;Front;7.723899999999958;3;3
uid12;9;Aware;Trivia;On;Back;3.6254000000000133;1;1
uid12;10;Aware;Trivia;Off;Back;12.239199999999983;2;2
uid12;11;Aware;Trivia;On;Back;3.5581000000000245;1;1
uid12;12;Aware;Trivia;Off;Left;10.550700000000006;4;4
uid12;13;Aware;Trivia;Off;Left;11.38190000000003;3;3
uid12;14;Aware;Trivia;On;Right;10.830899999999986;1;1
uid12;15;Aware;Trivia;-;-;0.0;0;0
uid12;0;Aware;Headphone;Off;Right;10.012059999999998;3;3
uid12;1;Aware;Headphone;Off;Front;7.754279999999994;4;4
uid12;2;Aware;Headphone;On;Front;3.0009099999999975;1;1
uid12;3;Aware;Headphone;Off;Right;8.161259999999999;1;1
uid12;4;Aware;Headphone;On;Front;5.952969999999993;1;1
uid12;5;Aware;Headphone;On;Back;4.876500000000007;1;1
uid12;6;Aware;Headphone;Off;Left;10.814400000000006;1;1
uid12;7;Aware;Headphone;On;Back;4.377700000000004;2;2
uid12;8;Aware;Headphone;Off;Back;5.53570000000002;1;1
uid12;9;Aware;Headphone;On;Right;1.6066000000000145;0;0
uid12;10;Aware;Headphone;On;Right;9.866199999999992;1;1
uid12;11;Aware;Headphone;Off;Front;5.849900000000019;3;3
uid12;12;Aware;Headphone;Off;Back;6.032299999999964;1;1
uid12;13;Aware;Headphone;Off;Left;10.026100000000042;4;4
uid12;14;Aware;Headphone;On;Left;10.03710000000001;3;3
uid12;15;Aware;Headphone;On;Left;9.414760000000001;2;2
uid12;0;Aware;Button;On;Right;9.118981999999999;0;0
uid12;1;Aware;Button;Off;Front;7.283049999999996;0;0
uid12;2;Aware;Button;Off;Left;11.918200000000013;0;0
uid12;3;Aware;Button;Off;Right;12.757899999999978;0;0
uid12;4;Aware;Button;On;Front;0.559599999999989;0;0
uid12;5;Aware;Button;On;Front;6.663399999999996;0;0
uid12;6;Aware;Button;Off;Right;10.120100000000008;0;0
uid12;7;Aware;Button;Off;Back;10.235500000000002;0;0
uid12;8;Aware;Button;On;Left;9.320799999999991;0;0
uid12;9;Aware;Button;On;Back;3.6562000000000126;0;0
uid12;10;Aware;Button;Off;Back;3.6311000000000035;0;0
uid12;11;Aware;Button;Off;Front;6.267600000000016;0;0
uid12;12;Aware;Button;On;Back;4.3285999999999945;0;0
uid12;13;Aware;Button;On;Left;13.63560000000001;0;0
uid12;14;Aware;Button;Off;Left;15.290300000000002;0;0
uid12;15;Aware;Button;On;Right;2.8870000000000005;0;0
uid20;0;Aware;Button;Off;Back;4.141719999999992;0;0
uid20;1;Aware;Button;On;Back;3.632899999999978;0;0
uid20;2;Aware;Button;On;Front;3.365229999999997;0;0
uid20;3;Aware;Button;Off;Front;7.312860000000001;0;0
uid20;4;Aware;Button;Off;Front;3.237799999999993;0;0
uid20;5;Aware;Button;Off;Right;8.654200000000003;0;0
uid20;6;Aware;Button;Off;Back;5.107899999999972;0;0
uid20;7;Aware;Button;On;Front;1.8051000000000386;0;0
uid20;8;Aware;Button;On;Back;1.6895000000000095;0;0
uid20;9;Aware;Button;On;Left;11.041699999999992;0;0
uid20;10;Aware;Button;On;Left;12.0856;0;0
uid20;11;Aware;Button;Off;Left;10.414300000000026;0;0
uid20;12;Aware;Button;Off;Left;10.609899999999982;0;0
uid20;13;Aware;Button;On;Right;3.4016000000000304;0;0
uid20;14;Aware;Button;On;Right;6.991899999999987;0;0
uid20;15;Aware;Button;Off;Right;38.83924999999999;0;0
uid20;0;Aware;Trivia;On;Back;6.15424;1;1
uid20;1;Aware;Trivia;Off;Front;11.061409999999995;2;2
uid20;2;Aware;Trivia;Off;Left;11.58417;0;0
uid20;3;Aware;Trivia;On;Right;5.672000000000011;1;1
uid20;4;Aware;Trivia;On;Left;9.833600000000004;2;2
uid20;5;Aware;Trivia;Off;Left;11.517300000000006;2;2
uid20;6;Aware;Trivia;On;Front;4.6436999999999955;1;1
uid20;7;Aware;Trivia;Off;Right;8.639099999999985;2;2
uid20;8;Aware;Trivia;Off;Front;5.781799999999976;1;1
uid20;9;Aware;Trivia;On;Left;7.887100000000004;2;2
uid20;10;Aware;Trivia;On;Front;3.4964999999999975;1;1
uid20;11;Aware;Trivia;Off;Back;7.738599999999991;2;2
uid20;12;Aware;Trivia;On;Back;4.135999999999967;1;0
uid20;13;Aware;Trivia;Off;Back;11.954000000000008;3;2
uid20;14;Aware;Trivia;On;Right;9.079499999999996;2;2
uid20;15;Aware;Trivia;Off;Right;9.308600000000013;2;1
uid20;1;Aware;Headphone;On;Left;11.642200000000003;3;3
uid20;2;Aware;Headphone;Off;Left;12.071629999999999;3;3
uid20;3;Aware;Headphone;Off;Back;11.43419999999999;2;2
uid20;4;Aware;Headphone;On;Right;12.7851;3;3
uid20;5;Aware;Headphone;Off;Left;11.633200000000016;3;3
uid20;6;Aware;Headphone;On;Back;8.717399999999998;2;2
uid20;7;Aware;Headphone;On;Left;11.768100000000004;3;2
uid20;8;Aware;Headphone;Off;Front;9.337199999999996;1;1
uid20;9;Aware;Headphone;Off;Front;8.017900000000026;2;1
uid20;10;Aware;Headphone;On;Front;4.091600000000028;1;1
uid20;11;Aware;Headphone;On;Front;10.053299999999979;3;3
uid20;12;Aware;Headphone;On;Back;9.18500000000006;2;2
uid20;13;Aware;Headphone;Off;Right;8.454600000000028;3;3
uid20;14;Aware;Headphone;Off;Right;8.34839999999997;2;2
uid20;15;Aware;Headphone;On;Right;12.65337999999997;4;4
uid20;0;Unaware;Headphone;Off;Back;15.98706;3;3
